,BCH,BTC,DASH,ETH,LSK,LTC,XRP
2018-02-20,18152.760000000002,141447.59999999998,10939.05,4661.6,1641.64,2697.8599999999997,118.64999999999999
