,BCH,BTC,DASH,ETH,LSK,LTC,XRP
2018-02-20,60987.82777200001,475221.50171999994,36751.926285,15661.577520000003,5515.417908,9064.000242,398.628405
